keywords,url
Gigabit,https://www.gigabittech.in/contact-us/send-feedback-query/
Gigabit,https://www.gigabittech.in/contact-us/address/
Gigabit,https://www.gigabittech.in/services/security-network-health-check-ups/
Gigabit,https://www.gigabittech.in/partners/
Gigabit,https://www.gigabittech.in/services/vulnerability-assessment-penetration-testing/
Gigabit,https://www.gigabittech.in/careers/
Gigabit,https://www.gigabittech.in/services/technology-audit-services/
Gigabit,https://www.gigabittech.in/services/it-consulting-services/
Gigabit,https://www.gigabittech.in/services/managed-it-services/
Gigabit,https://www.gigabittech.in/services/design-deployment-services/
Gigabit,https://www.gigabittech.in/solutions/iot-ai-solutions/
Gigabit,https://www.gigabittech.in/life-at-gigabit/
Gigabit,https://www.gigabittech.in/solutions/cloud-solutions/
Gigabit,https://www.gigabittech.in/about-us/overview/
Gigabit,https://www.gigabittech.in/about-us/awards-achievements/
keywords,url
GTPL,https://accounts.google.com/v3/signin/identifier?opparams=%253F&dsh=S-1827938769%3A1693652740571844&access_type=offline&client_id=608070463520-vi592k1sdc9jgdcdjcjnjf7v9evnopp4.apps.googleusercontent.com&o2v=1&redirect_uri=https%3A%2F%2Fwww.jobartis.com%2Fcandidatos%2Fauth%2Fgoogle_oauth2%2Fcallback&response_type=code&scope=https%3A%2F%2Fwww.googleapis.com%2Fauth%2Fuserinfo.email+https%3A%2F%2Fwww.googleapis.com%2Fauth%2Fuserinfo.profile&service=lso&state=e24e20301f1d30ae8acd7f873588acfe35b8820d6af9ae38&flowName=GeneralOAuthLite&continue=https%3A%2F%2Faccounts.google.com%2Fsignin%2Foauth%2Flegacy%2Fconsent%3Fauthuser%3Dunknown%26part%3DAJi8hAO61qWWOK0gCfXoXOVs9rJuNcqVixWr40YHhrpo7rsNNXnT2pbDU6m1ZvJ91IHCxFmjWXc8B8iijmb5GZBbQhyfo9Ex_hfF9YollVCgg4vPKRBWFl3p1kehFPuT0lzWxXIZtVmHRlSVIe5wQ5U-D9Z4-PQk3eJkiQVa2TPWMgOj4D-DwTpiUmtDFuFTPh6J7vLeyc4JF9-X4mdBEeQBFBF5yBbi2SeFlyy5hi0ddBv1T7HdJwpc-TF1DWJmFTweCiqbnP0sdZ1Fs6frsJ9DTPOyz_I337cTF-Ydyn0Tv5G6v2ghIXda6XqvVn3yYgit8cIlgsvD4OdqGiXwjz7zghB2jz_ppjwoHDrYvQYqn6K4luV3B6l3jEV2rY79cb6Gl8ofRu2dSb7144HBLYqsvg0SVU3M4kl-kw_UA52Xzrq0nkJoiCv5w6-qv7led9UKSxBftdK4KRwGUoeOHVV3ypPROViueA%26as%3DS-1827938769%253A1693652740571844%26client_id%3D608070463520-vi592k1sdc9jgdcdjcjnjf7v9evnopp4.apps.googleusercontent.com%23&app_domain=https%3A%2F%2Fwww.jobartis.com&rart=ANgoxcemrhywFsv5S9ReIs92Rfy43jcE7rxiYNTdgkVKRhhJY0I1hbp6kMY4xnzRoBZZHUTm3pUxNM9PS_M0DC70dkYXX20qYA
GTPL,https://accounts.google.com/v3/signin/identifier?opparams=%253F&dsh=S-704491564%3A1693652828767912&access_type=offline&client_id=608070463520-vi592k1sdc9jgdcdjcjnjf7v9evnopp4.apps.googleusercontent.com&o2v=1&redirect_uri=https%3A%2F%2Fwww.jobartis.com%2Fcandidatos%2Fauth%2Fgoogle_oauth2%2Fcallback&response_type=code&scope=https%3A%2F%2Fwww.googleapis.com%2Fauth%2Fuserinfo.email+https%3A%2F%2Fwww.googleapis.com%2Fauth%2Fuserinfo.profile&service=lso&state=08039b5ba318fbbd0b9988b52a8f3f1583b759a61256bf8d&flowName=GeneralOAuthLite&continue=https%3A%2F%2Faccounts.google.com%2Fsignin%2Foauth%2Flegacy%2Fconsent%3Fauthuser%3Dunknown%26part%3DAJi8hAOVOEgwYtElxem2DckyCpibtrtPKWY-Ktm_W9fCg0a3OHb4tPs89nyqlHBXqEOPuRvl2YnNKTBam7FdunkLKAV1J4vRF-taYz0bLLkRtODEo0TVhrih3PuwMe6say95thdS0uA94EILK0yxVWhsNiu8XUU0Razc625nSur12FB_gUtqXg7i-ExpEFpH-3zOF2M-NR_idziUsC9XSIOM2OW5K7GOfIL_L1_a1CVZCdaiHTwYWBMIfVih43-F3WWT3htpbHA1OHlU8nPRuPyX7YpYd7Vfm4r2siecltqwo_2AKPcQKEsaSlr0WZl1ljtJydouVcf5gsuvTclYlDRhwmPiu3OzfxbbFmql7MqrwdACkFnwEubvETnTKs3EP_k0bseaBRsGBAPu9SI20Qy_yM8ipyy6-HapeHEOn2RUl5dchSocxL7NumbBgzLhGabF18y0jr0hGDSIOCNG_NjXxhRNNOAnXA%26as%3DS-704491564%253A1693652828767912%26client_id%3D608070463520-vi592k1sdc9jgdcdjcjnjf7v9evnopp4.apps.googleusercontent.com%23&app_domain=https%3A%2F%2Fwww.jobartis.com&rart=ANgoxccXyXgMW6igkIdEiJlDzS4PjuW8AEFAGxnq1-UhQ4gg4pE0YkwKWtkJ17ipdfUikfCPmsmezmpKRvW4QkMgkMBNCLSvcA
